{
    "submission_name": "OII Crew",
    "score": 4.947870136133126,
    "metrics": {
        "accuracy": {
            "skin_tone": 0.18666666666666668,
            "gender": 0.7616666666666667,
            "age": 0.5433333333333333
        },
        "disparity": {
            "skin_tone": 0.4982980743697242,
            "gender": 0.18492171426578796,
            "age": 0.35663206459054214
        }
    }
}