{
    "submission_name": "OII Crew",
    "score": 5.391721290559164,
    "metrics": {
        "accuracy": {
            "skin_tone": 0.209,
            "gender": 0.7596666666666667,
            "age": 0.5123333333333333
        },
        "disparity": {
            "skin_tone": 0.40904893045236335,
            "gender": 0.08200997314921366,
            "age": 0.24037471516583675
        }
    }
}